CREATE TEMPORARY TABLE table_54044 ENGINE = INNODB
AS SELECT IF(NULL  IS NOT NULL, NULL, NULL);
SHOW CREATE TABLE table_54044;
Table	Create Table
table_54044	CREATE TEMPORARY TABLE `table_54044` (
  `IF(NULL  IS NOT NULL, NULL, NULL)` binary(0) DEFAULT NULL
) ENGINE=InnoDB DEFAULT CHARSET=latin1
DROP TABLE table_54044;
CREATE TABLE tmp ENGINE = INNODB AS SELECT COALESCE(NULL, NULL, NULL);
ERROR HY000: Can't create table 'test.tmp' (errno: -1)
CREATE TABLE tmp ENGINE = INNODB AS SELECT GREATEST(NULL, NULL);
ERROR HY000: Can't create table 'test.tmp' (errno: -1)
