stop slave;
drop table if exists t1,t2,t3,t4,t5,t6,t7,t8,t9;
reset master;
reset slave;
drop table if exists t1,t2,t3,t4,t5,t6,t7,t8,t9;
start slave;
drop database if exists mysqltest;
USE test;
CREATE TABLE t1(a INT, b INT, UNIQUE(b));
LOAD DATA INFILE '../../std_data/rpl_loaddata.dat' INTO TABLE test.t1;
SELECT COUNT(*) FROM test.t1;
COUNT(*)
2
CREATE DATABASE mysqltest;
USE mysqltest;
CREATE TABLE t1(a INT, b INT, UNIQUE(b));
LOAD DATA INFILE '../../std_data/rpl_loaddata.dat' INTO TABLE mysqltest.t1;
SELECT COUNT(*) FROM mysqltest.t1;
COUNT(*)
2
SHOW DATABASES;
Database
information_schema
mtr
mysql
mysqltest
performance_schema
test
USE test;
SHOW TABLES;
Tables_in_test
USE mysqltest;
SHOW TABLES;
Tables_in_mysqltest
t1
SELECT COUNT(*) FROM mysqltest.t1;
COUNT(*)
2
DROP DATABASE mysqltest;
DROP TABLE test.t1;
