stop slave;
drop table if exists t1,t2,t3,t4,t5,t6,t7,t8,t9;
reset master;
reset slave;
drop table if exists t1,t2,t3,t4,t5,t6,t7,t8,t9;
start slave;
DROP PROCEDURE IF EXISTS test.p1;
DROP TABLE IF EXISTS test.t2;
CREATE TABLE test.t1 (a INT,PRIMARY KEY(a));
CREATE TABLE test.t2 (a INT,PRIMARY KEY(a));
INSERT INTO test.t1 VALUES(1),(2);
CREATE PROCEDURE test.p1()
BEGIN
SELECT SQL_CALC_FOUND_ROWS * FROM test.t1 LIMIT 1;
INSERT INTO test.t2 VALUES(FOUND_ROWS());
END|

< ---- Master selects-- >
-------------------------
CALL test.p1();
a
1
SELECT * FROM test.t2;
a
2

< ---- Slave selects-- >
------------------------
SELECT * FROM test.t2;
a
2
DROP PROCEDURE IF EXISTS test.p1;
DROP TABLE IF EXISTS test.t1;
DROP TABLE IF EXISTS test.t2;
