call mtr.add_suppression("Cannot find or open table test/BUG29839 from");
DROP TABLE IF EXISTS t1,T1;
CREATE TABLE t1 (a INT);
SELECT * FROM T1;
a
FLUSH TABLES;
DROP TABLE t1;
CREATE TABLE bug29839 (a INT) ENGINE=INNODB;
SELECT * FROM BUG29839;
ERROR 42S02: Table 'test.BUG29839' doesn't exist
DROP TABLE bug29839;
